method,obj_id,n_results,ADD_mean,ADD_median,ADD_std,ADD_S_mean,ADD_S_median,ADD_S_std,rotation_error_deg_mean,rotation_error_deg_median,rotation_error_deg_std,translation_error_mean,translation_error_median,translation_error_std,inlier_ratio_mean,inlier_ratio_median,inlier_ratio_std,model_build_time_mean,model_build_time_median,model_build_time_std,registration_time_mean,registration_time_median,registration_time_std,total_time_mean,total_time_median,total_time_std,candidate_inflation_mean_mean,candidate_inflation_mean_median,candidate_inflation_mean_std,kde_refine_calls_mean,kde_refine_calls_median,kde_refine_calls_std,ADD_S_lt_2_count,ADD_S_lt_2_rate,ADD_S_lt_5_count,ADD_S_lt_5_rate,ADD_S_lt_10_count,ADD_S_lt_10_rate,ADD_S_lt_20_count,ADD_S_lt_20_rate,throughput_cases_per_hour
baseline,1,500,62.38490482232702,62.14159933322947,16.155852175411475,18.6570617610653,16.361108475066622,13.72371831450417,132.5607259140563,140.50412420447333,36.311925736567986,37.19170607151206,36.02398959930806,20.209475503974335,0.14510230088495576,0.14212389380530974,0.05583480125320154,1.0337073743790388,1.0219236947596073,0.04040351512184553,11.34369792099297,11.580454654991627,3.881375289670227,12.378808111563325,12.650235991925001,3.8802811029827833,1.0,1.0,0.0,0.0,0.0,0.0,0,0.0,3,0.006,99,0.198,324,0.648,290.8195981030806
ours,1,500,44.17171590856037,51.773474273057246,24.51594595165501,9.700581648820819,7.113507257923054,12.928497710985267,108.24902304524969,130.66966947190423,62.84349299246298,17.578411514907504,13.598734005539031,18.42384041309935,0.26786336283185846,0.25557522123893806,0.10686379626593646,1.552073914334178,1.5102438516914845,0.12660130774806988,2.850985903650522,2.8704475462436676,0.7642166068283777,4.404430606663227,4.440642960369587,0.7751940497410167,13.88995063888713,13.707987359206811,1.9495475785888026,0.0,0.0,0.0,12,0.024,105,0.21,364,0.728,463,0.926,817.3587738114782
ours_no_pose_pipeline,1,500,57.673393995244616,59.945760452508424,18.048827555325513,15.828627326009595,13.267673218253323,12.721104236916117,130.82149316989927,144.31446981853327,43.161065707090934,31.274357900608816,29.30732207696675,19.62015994435496,0.1674499115044248,0.1631858407079646,0.06555850074005723,1.497222893536091,1.4798913039267063,0.06669115716711034,2.124846209540963,2.1176025979220867,0.6479510959491808,3.623392265185714,3.6121619641780853,0.6532957539760298,13.88995063888713,13.707987359206811,1.9495475785888026,0.0,0.0,0.0,0,0.0,15,0.03,149,0.298,368,0.736,993.5440980513009
ours_no_robustvote,1,500,44.62006117888548,52.13950426288822,24.22541807608908,9.69442677908912,7.224151492682333,12.876194627674636,109.48913308766761,130.89634093237225,62.07403230202965,17.614694992536286,13.936466409249975,18.15826030802464,0.2658725663716814,0.25380530973451326,0.10520724753888995,1.5337748112678529,1.5148705951869488,0.09731138333299195,1.6542096228003502,1.6654298976063728,0.3993352298117652,3.189397814154625,3.1987201496958733,0.42178688546742327,13.88995063888713,13.707987359206811,1.9495475785888026,0.0,0.0,0.0,10,0.02,101,0.202,367,0.734,467,0.934,1128.739721342729
ours_no_rsmrq,1,500,50.11820623496387,55.23568502517713,21.01138950892825,11.198005890018363,8.57100106615519,12.438780027401252,121.80704290594882,140.20201835730083,53.14213068568825,20.674228333326976,17.092819133539265,17.876167385914442,0.23339610619469028,0.22707964601769912,0.08705410278604687,1.2453481598347425,1.2197718732059002,0.12733607753012227,1.5572902238219977,1.5606505125761032,0.3481296813502912,2.8040903244018556,2.7881893515586853,0.38185216791686116,1.0,1.0,0.0,0.0,0.0,0.0,4,0.008,52,0.104,321,0.642,456,0.912,1283.8388152735133
baseline,5,500,93.74859665085998,103.0875625595117,38.425452834952175,16.36526995330099,14.421695996144063,9.90228150772142,123.41090840416751,147.834922139498,58.23747788064226,45.740713655160334,38.39377160925437,32.17550976909544,0.13623742239349174,0.13492828088203812,0.05827861836774123,12.295503264725209,12.272024907171726,0.1491623560190408,150.01894653627275,146.33152661845088,31.378684545198087,162.3175835978091,158.73669996112585,31.38329641651421,1.0,1.0,0.0,0.0,0.0,0.0,0,0.0,16,0.032,91,0.182,395,0.79,22.17874317868167
ours,5,500,55.954148374927534,55.33675992535271,43.09120218808994,7.887381281654066,5.915263131574227,5.432917291467673,81.78608778888233,67.52329527937329,72.77697451304724,16.6264234742931,10.845262392870392,18.4018538161374,0.22255684007707127,0.220616570327553,0.07782582422713392,21.537137310490014,21.546059142798185,0.5585212340791808,6.566481956362725,6.488178215920925,1.2812405400274451,28.107409930050373,28.02145514637232,1.3100703372837172,51.50235301290251,51.76735920134372,4.287735246155325,0.0,0.0,0.0,5,0.01,195,0.39,356,0.712,485,0.97,128.0801044621029
ours_no_pose_pipeline,5,500,90.77375778331321,98.58288232951186,39.35421399913986,15.090097190421627,14.29046919262116,8.177990282457353,120.7760002295584,145.50153750389674,60.04847318842393,43.04121893668996,33.54054013470331,31.42572525220381,0.14434596446157139,0.1459002354956112,0.05743943296782002,19.997701815530657,20.002804528921843,0.442182116583161,5.6313684550523755,5.5247538164258,1.1484233439599398,25.632422344878314,25.561594996601343,1.1645581488550936,51.50235301290251,51.76735920134372,4.287735246155325,0.0,0.0,0.0,0,0.0,13,0.026,104,0.208,424,0.848,140.44712401983833
ours_no_robustvote,5,500,55.45683297026671,51.60706265594303,42.67009518694528,7.886044434469659,6.0055021078046265,5.674264411285714,81.15758237025973,61.86803139055097,73.02792866124557,16.782738971988497,11.850344196615286,18.32504653178591,0.2222883750802826,0.22034896167844145,0.07693229125588451,21.124572272732856,21.125453807413578,0.4563587465766752,3.1961704866439105,3.1715424470603466,0.5672577341283218,24.325028428331017,24.361475367099047,0.6939193728439584,51.50235301290251,51.76735920134372,4.287735246155325,0.0,0.0,0.0,4,0.008,192,0.384,356,0.712,486,0.972,147.99571604229374
ours_no_rsmrq,5,500,60.531752170377715,64.80374726771245,41.93478396110217,8.742764130839442,7.138204274708097,5.977791297328542,87.41369737286065,81.5036771933496,70.72870197633013,18.621520114159352,12.513584358780221,19.867553226748324,0.21034703489616782,0.20868122457717833,0.07601472777971237,17.724153714478017,17.70388613268733,0.42432993532071167,1.9723237711787225,1.929893959313631,0.3405986190088747,19.700737906962633,19.6425391882658,0.5423086983691316,1.0,1.0,0.0,0.0,0.0,0.0,3,0.006,153,0.306,322,0.644,485,0.97,182.734272035957
baseline,6,500,72.85587765789724,77.82222897241641,27.024580643358107,22.5643752577031,20.355119732971726,12.705448626764905,114.45658036097034,125.03634560477454,50.91339610719909,44.52337630057133,42.94413191152391,25.41128767171799,0.10562534789124385,0.10169128666238493,0.060192223083157095,2.9267139084637166,2.9108478017151356,0.055136309889424265,31.27446274545789,35.676873318850994,15.462149952867664,34.20296059207618,38.598305247724056,15.46332471592244,1.0,1.0,0.0,0.0,0.0,0.0,0,0.0,9,0.018,60,0.12,242,0.484,105.25404636562409
ours,6,500,37.046801416790466,15.094171467959601,35.327339387236464,11.605437104965375,6.335734475466274,12.082920503864425,56.97357551817141,16.932660496568722,63.44588957704549,22.398579925606285,10.643436442804722,24.425805426186376,0.20953714408049667,0.22104474416613146,0.1180683126640796,4.85640295688808,4.845551796257496,0.2817649591404846,4.276189433142543,4.341915167868137,1.369523589859443,9.134672120422126,9.212038908153772,1.3901763260701079,21.47012003315991,21.906411021012772,2.605636104807755,0.0,0.0,0.0,4,0.008,190,0.38,313,0.626,414,0.828,394.10281535465106
ours_no_pose_pipeline,6,500,59.57827620718448,66.49643572517546,33.3365457485734,18.55204565736222,17.16881338667011,13.387006271872538,92.55134734208606,97.96964918837647,60.2933989735107,36.01980938448317,32.04279434885048,26.25979250393113,0.1317426675230143,0.11956754442303576,0.07356189836180861,4.673798576369881,4.665056150406599,0.21450917675050496,3.3925550812631844,3.4043945111334324,1.2130893372372729,8.068203628122806,8.102246318012476,1.2238142944544697,21.47012003315991,21.906411021012772,2.605636104807755,0.0,0.0,0.0,0,0.0,32,0.064,149,0.298,307,0.614,446.1959769398627
ours_no_robustvote,6,500,37.19845186068851,15.127484339906085,35.30066196403075,11.600168887298198,6.325169645792627,12.060412915424452,57.5004309557094,17.769727429333727,63.65219601357197,22.489201196210924,10.47961704775797,24.480069944136417,0.20942795975165915,0.22029543994861914,0.11839444725167438,4.917021141022444,4.900983266532421,0.24234608194969215,2.3303622154891492,2.364041078835726,0.6435464316144613,7.249675817027688,7.28770038485527,0.6667351736990699,21.47012003315991,21.906411021012772,2.605636104807755,0.0,0.0,0.0,4,0.008,187,0.374,312,0.624,417,0.834,496.57392838787274
ours_no_rsmrq,6,500,45.9527594091891,36.68032022818822,36.53141673192098,13.868731678171025,9.587156176053783,13.910535977368124,75.39080642626222,50.03802369278446,65.58472247173277,27.174550445796566,15.112477447430507,27.720498794752768,0.1901365874545065,0.1859344894026975,0.10814860831165655,3.7620963070988656,3.7436723113059998,0.23368283521327154,1.9344786097705364,1.9692951999604702,0.4649720653486668,5.698896863758564,5.726666785776615,0.5184244000870178,1.0,1.0,0.0,0.0,0.0,0.0,4,0.008,128,0.256,258,0.516,397,0.794,631.7012021912099
baseline,8,500,109.60200749985917,117.4159028473631,42.593752602644344,30.93280141762793,35.709241600750175,15.660066587572912,132.48583835691727,166.03926267762986,59.567371300857005,70.68176261810574,66.25124869368321,41.87581355873243,0.14295741556534508,0.14806656877141458,0.049804256977373576,15.273025197312236,15.24617663770914,0.16891923805226744,199.42815139976145,196.91243213787675,34.30438864855741,214.70443211576344,212.16773867979646,34.30341333437927,1.0,1.0,0.0,0.0,0.0,0.0,0,0.0,8,0.016,51,0.102,152,0.304,16.76723654246209
ours,8,500,73.11534385559547,102.83936410995167,52.82714811716206,19.661183711583377,14.205481735698953,15.356854430459281,92.12544577197085,106.7002997742402,76.80873754370091,43.842185620812145,21.534133809023864,43.76473825194387,0.20969593734703867,0.2067547723935389,0.07086006704875696,26.7813634827286,26.746307227760553,0.6434557080100045,7.065308578535914,6.7965784929692745,1.4365007944045707,33.850457572311164,33.62026713043451,1.424423049375178,59.36412675040545,60.178069508916025,5.192947139449768,0.0,0.0,0.0,4,0.008,110,0.22,197,0.394,304,0.608,106.35011335695239
ours_no_pose_pipeline,8,500,91.70223325620313,106.7606328792058,48.78435001607656,24.473651723645265,21.10964751413154,14.590555540629573,114.5361161587385,155.67754593569427,70.59685144822404,56.75665383065278,44.467313335022226,42.98539188694926,0.15030641213901128,0.1521781693587861,0.05212680172863698,24.93701202504337,24.88072508573532,0.47257313869267237,6.115731100261211,5.922315057367086,1.2736132110416227,31.056360505983232,30.95470731705427,1.2847154337394788,59.36412675040545,60.178069508916025,5.192947139449768,0.0,0.0,0.0,0,0.0,20,0.04,107,0.214,243,0.486,115.91828344813405
ours_no_robustvote,8,500,75.54493725997078,103.43194848103093,52.230659418755785,19.920549250318217,14.79414406402739,15.211876123617186,96.54739988020106,118.45003507779262,76.58821672270595,44.440700712267734,23.10360322459095,43.741550898482075,0.20813959862946646,0.20538423886441506,0.07012327055177414,27.42324847982824,27.40481998771429,0.4795020574757894,3.2167153903245924,3.158844541758299,0.5667329277195318,30.644107388049363,30.619238760322332,0.7710771996815629,59.36412675040545,60.178069508916025,5.192947139449768,0.0,0.0,0.0,4,0.008,111,0.222,185,0.37,298,0.596,117.4777243276446
ours_no_rsmrq,8,500,80.46497720106551,105.04358637432551,51.78530585933835,21.395198625889723,17.278891692935275,15.52652338754908,102.58364886903979,132.09519240928253,75.35879059445159,47.90274407398729,27.205768854280734,44.1998332302327,0.20495369554576603,0.20313264806656878,0.06956509555115756,22.319767554670573,22.320463325828314,0.48906348392947385,1.8857110504359007,1.8341397531330585,0.3007171459935333,24.209498677074908,24.1838491410017,0.5768842923572346,1.0,1.0,0.0,0.0,0.0,0.0,3,0.006,96,0.192,160,0.32,279,0.558,148.7019639695805
baseline,9,500,59.65537534581157,64.99152833201751,23.63668563603725,16.692212445570476,14.391802036007256,12.222417207947752,115.1439159408491,130.44060592066216,52.25112162871804,38.691975300815265,36.299425170003786,23.333547532873563,0.15383281382827996,0.14352507792575803,0.08293009425324674,1.9662141433358193,1.9491156414151192,0.04693716014905992,20.191281732678412,20.309888150542974,7.979567547684975,22.159085497498513,22.289050199091434,7.981095432796931,1.0,1.0,0.0,0.0,0.0,0.0,0,0.0,23,0.046,131,0.262,344,0.688,162.46157813716616
ours,9,500,36.84163988874558,31.2501568140668,28.272022827573046,7.554166105241243,5.178083730974668,8.837235434744715,79.4816713279112,56.176167371395394,68.99689843931515,14.6233649060669,8.744405771115385,16.599208012106285,0.2898452819495608,0.31099461603853784,0.13389074556471048,2.9377816035449507,2.915964510291815,0.13777877136435,3.311408167168498,3.0990066826343536,1.1204523022647355,6.251058921650052,6.041324593126774,1.12795571580063,21.017650114382043,21.498368199213896,2.790250378871609,0.0,0.0,0.0,14,0.028,238,0.476,405,0.81,474,0.948,575.9024263123937
ours_no_pose_pipeline,9,500,47.434280440366216,60.07951693394345,28.437429977041255,12.130995395522941,8.946190537739987,12.52104988464586,94.37977194945141,114.09260638339371,63.01896056338687,26.16843411859984,18.589300241889624,23.901238903980445,0.20851742703315387,0.20799093227543214,0.11161577967552615,2.899098232239485,2.878055650740862,0.12402235590979191,2.5960651932507752,2.4035103023052216,0.9552669230639607,5.496720679879188,5.310697071254253,0.9726820401909311,21.017650114382043,21.498368199213896,2.790250378871609,0.0,0.0,0.0,0,0.0,96,0.192,278,0.556,419,0.838,654.935953572799
ours_no_robustvote,9,500,37.54790848437478,37.89015959461461,28.68398864561114,7.6519991411084,5.263978481595134,10.437272813621066,81.07187932039466,62.91539667052933,68.7830233046251,14.719813743499046,8.817128183933296,17.60295405654503,0.2887945593652593,0.31099461603853784,0.13287807537051946,2.884206746265292,2.871016561985016,0.11133314075230295,1.862122388675809,1.810653455555439,0.5434922133883285,4.74837878280878,4.690474901348352,0.5521161365637547,21.017650114382043,21.498368199213896,2.790250378871609,0.0,0.0,0.0,13,0.026,232,0.464,405,0.81,475,0.95,758.1535013663155
ours_no_rsmrq,9,500,40.92413719611092,55.816687325080935,28.92958766443874,8.85328049376208,5.8655910981910395,11.453265070896757,86.91293780581593,103.262859343545,67.45964173674402,17.742245478629236,11.278183111995663,19.454344188094986,0.2761467837914423,0.29300085009917826,0.12521722859242268,2.335691946044564,2.308387842029333,0.1520352922575525,1.626319642946124,1.6231674365699291,0.4038599434371926,3.963656260743737,3.9579543583095074,0.43819596841858416,1.0,1.0,0.0,0.0,0.0,0.0,14,0.028,194,0.388,376,0.752,465,0.93,908.2523213868448
baseline,10,500,79.43911934795624,86.95642877175705,34.721529884477675,19.465373375537965,14.343196115482666,14.631417516702951,112.1367130325493,123.96633145678399,56.78858576147304,38.18958232127295,28.756338615073076,29.213150889068064,0.10093131518697533,0.09304248282879674,0.06229879052025177,8.622974016278983,8.605934266000986,0.0952942492047645,137.25905519886314,145.51040110364556,41.68336042951045,145.88448648025096,154.24261732771993,41.68646722391581,1.0,1.0,0.0,0.0,0.0,0.0,0,0.0,33,0.066,132,0.264,350,0.7,24.67705845122434
ours,10,500,57.50541398955173,69.7856249770629,44.40029763508049,10.831609120910391,6.291924306273852,11.983013739228891,89.17544833661688,93.05161763728454,77.11345519774088,20.509935842940934,10.832972582648159,23.628075782615365,0.17058916306283387,0.16522513355380308,0.0861184407701196,14.747293430924415,14.716220378875732,0.40883402109095207,8.402916608288884,8.474089793860912,2.05068701391865,23.152832875654102,23.17931003496051,2.083624001644509,50.67494835192174,50.489452652089106,8.023971859644423,0.0,0.0,0.0,1,0.002,174,0.348,344,0.688,439,0.878,155.48853219536292
ours_no_pose_pipeline,10,500,67.97954086092057,80.30259196360649,39.6157999534289,15.568055417878266,11.594980854950187,13.117842841655943,98.73256243156438,114.21034921948254,66.11906706365922,30.560144504724867,22.206551095336817,26.403116958858135,0.12679801577206817,0.11072246247774103,0.07466451310342315,13.782662611693144,13.773245796561241,0.28617179478705174,7.37392218567431,7.45452244207263,1.8937068299351576,21.159025263369085,21.21416099369526,1.915412001334439,50.67494835192174,50.489452652089106,8.023971859644423,0.0,0.0,0.0,2,0.004,68,0.136,202,0.404,377,0.754,170.14016265826714
ours_no_robustvote,10,500,57.44051827819688,67.02649654671265,44.035288145588694,10.923498771400764,6.332771689968148,12.031785113938849,88.77682612964318,92.46606807417817,76.15012830208066,20.514821552552316,10.832972582647937,23.53492418217813,0.1701854489951666,0.16299923683541084,0.08623895219307204,15.50466152396798,15.469561271369457,0.43705972716862784,3.0319266758263113,3.053044281899929,0.6638822194066243,18.539308403626084,18.554438773542643,0.7501688094542729,50.67494835192174,50.489452652089106,8.023971859644423,0.0,0.0,0.0,2,0.004,174,0.348,338,0.676,435,0.87,194.18200083967963
ours_no_rsmrq,10,500,58.700441182360535,71.24670996457799,42.86038898203034,12.311960795405096,7.8353542712675885,12.918958133083278,88.82286124542581,95.14304091123321,72.50310870974049,23.16815399104329,13.50593499222282,25.629969287454113,0.16111142203001783,0.1541592470109387,0.08407683050094772,12.666806678801775,12.639332823455334,0.405254887284682,2.125623767092824,2.1275210566818714,0.42328772636690937,14.79509492379427,14.772931963205338,0.5247229088123303,1.0,1.0,0.0,0.0,0.0,0.0,1,0.002,141,0.282,299,0.598,432,0.864,243.32388663558257
baseline,11,500,92.72112365160731,89.55889773206306,191.32339890456518,35.269504362542854,17.172884722535994,188.9078198855916,135.08458842951512,160.72747671662523,51.81234676540115,63.050520735776665,45.69070237181329,194.3367335151746,0.14798009950248758,0.14266900790166814,0.08510928571499882,1.4173705760389566,1.407622117549181,0.03046612211944264,17.475959599807858,18.36042094230652,6.668631334374782,18.89486425487697,19.766904581338167,6.671478766923361,1.0,1.0,0.0,0.0,0.0,0.0,0,0.0,31,0.062,112,0.224,285,0.57,190.52796312473114
ours,11,500,69.0058564060184,49.348520716972445,179.88140718185477,23.956652451913758,6.045869550958079,176.49299901829286,137.26685143502624,169.14443387838003,58.738768374365684,36.34665069865467,11.597730115096194,182.1620563092838,0.24833772314896105,0.2585601404741001,0.122801888335108,2.2313963931500913,2.2127773202955723,0.08416084071177024,3.753904668793082,3.795426305383444,1.298708773680324,5.986790905341506,6.050310984253883,1.3019264109131408,16.95768511056644,16.855691415370302,4.354114733946433,0.0,0.0,0.0,2,0.004,193,0.386,337,0.674,405,0.81,601.3238238850175
ours_no_pose_pipeline,11,500,86.58605520129116,66.9533440064391,191.9726403333159,32.039000048298306,13.36207587108343,189.12936576360968,141.638122013891,165.89092983445818,50.628489565392236,55.078610348658046,31.678623344012372,195.08065300911372,0.1754568334796605,0.17998244073748904,0.09704509008316355,2.2042184909433127,2.1954777389764786,0.06849370318123613,2.9348935190290213,2.899870492517948,1.1552284590226556,5.140531224295497,5.111684966832399,1.1572727429092473,16.95768511056644,16.855691415370302,4.354114733946433,0.0,0.0,0.0,1,0.002,50,0.1,187,0.374,339,0.678,700.3167266031684
ours_no_robustvote,11,500,68.63708446679641,49.26687590316406,179.89127910250335,23.635832085427314,6.2474167910271206,176.39935264003887,136.12306523794854,168.87751596501727,59.96886206546468,35.96669010659439,11.661074640394965,182.06059437957134,0.24781621305238513,0.25797483172373425,0.12388271640703888,2.242246938303113,2.2316209115087986,0.08503347310508516,2.100061106041074,2.16599565371871,0.6278303791423007,4.343994556874037,4.380687426775694,0.6359540494786597,16.95768511056644,16.855691415370302,4.354114733946433,0.0,0.0,0.0,2,0.004,191,0.382,335,0.67,407,0.814,828.7303201849728
ours_no_rsmrq,11,500,74.24919502710071,50.213358025317504,190.7488922136044,27.25428242092999,7.313500827766253,187.21363804363048,135.62133860203568,169.32284166024414,60.210583060959394,41.94013390693895,15.070890643916968,193.3938253452108,0.23755867720222415,0.24817091015510684,0.11941566324353754,1.8253917034864426,1.8104821592569351,0.13454014226333444,1.921470391049981,1.9817994832992554,0.483138711588902,3.748398244813085,3.7998457178473473,0.5013633320385298,1.0,1.0,0.0,0.0,0.0,0.0,1,0.002,154,0.308,303,0.606,403,0.806,960.4102245489968
baseline,12,500,81.62867803120163,84.30542775545902,18.540576903591425,21.43718490885607,20.79893799631761,10.10240599678634,125.44874201750561,138.740489142146,45.69214029599874,47.393980854408866,47.890494423437254,22.05145339694181,0.12211432706222865,0.11591895803183791,0.053425678116191595,4.710866170719266,4.692050322890282,0.07733332157742828,45.152908873260024,43.426743660122156,10.004785994085617,49.86627607743442,48.094496577978134,10.00153494222124,1.0,1.0,0.0,0.0,0.0,0.0,0,0.0,2,0.004,69,0.138,239,0.478,72.1930788336745
ours,12,500,44.31032753792513,32.06629700046323,32.43949281958972,6.502271321745057,5.648437365580056,3.2960427665950034,79.31721069541966,34.24271435698206,74.56187912255623,13.388213287506037,11.648528929994612,8.451202428691271,0.2757264833574529,0.27742402315484804,0.0649508240299655,8.313159706667065,8.318266928195953,0.3052778586767725,3.3745519983917474,3.2874193862080574,0.5709390285233189,11.690105587035417,11.591022338718176,0.6450865588649626,36.14181711648676,36.30878304587125,2.8712999923844698,0.0,0.0,0.0,0,0.0,181,0.362,452,0.904,496,0.992,307.95273602938875
ours_no_pose_pipeline,12,500,67.04550682619735,77.79378951229603,27.06645036532039,14.395131601300006,11.078625760319213,8.902453287686818,109.40086758174823,119.8620754368303,61.544891746743396,31.699160797089053,25.419819657487288,20.841078762736778,0.17586512301013024,0.17373371924746744,0.06687652913366483,7.657504603087902,7.652810879051685,0.23882217780638154,2.903391685411334,2.824311800301075,0.5066774928690282,10.563301809221507,10.46771577373147,0.5565740563485798,36.14181711648676,36.30878304587125,2.8712999923844698,0.0,0.0,0.0,0,0.0,29,0.058,214,0.428,384,0.768,340.8025317289796
ours_no_robustvote,12,500,44.95840962013064,32.958736956411585,32.427629298758596,6.580866768899041,5.69576261607118,3.311767935531087,80.7742400216941,38.5279224857341,74.55650323991343,13.496002160632957,11.688497047426553,8.45634870967374,0.2738743849493488,0.27698986975397977,0.06436983260934385,8.58925561079383,8.600093852728605,0.24052822635548093,1.5003497234284877,1.4678852781653404,0.2074018862155757,10.092063175797463,10.087380409240723,0.3210338278665616,36.14181711648676,36.30878304587125,2.8712999923844698,0.0,0.0,0.0,0,0.0,179,0.358,449,0.898,496,0.992,356.7159595902482
ours_no_rsmrq,12,500,52.41644191906538,59.974276512394695,30.146434699950476,8.111547819283807,7.42371993244768,4.059869180992475,90.93238662788782,83.84807635899693,69.37395718567797,17.049404025959454,14.7673749614219,10.320635470671942,0.24676874095513746,0.24703328509406658,0.06117910964022394,6.848768442898988,6.867657348513603,0.23337144251876565,1.199855925321579,1.1703315004706383,0.1725439697240541,8.051342566773295,8.045988604426384,0.30118010170685033,1.0,1.0,0.0,0.0,0.0,0.0,0,0.0,96,0.192,403,0.806,490,0.98,447.1303972155737
